order_event_id,signal_id,timestamp,market_id,mode,executor_type,limit_price,requested_size,filled_size,unfilled_size,avg_fill_price,order_status,cancel_reason,placed_at
2877742c5136,43bb61f82138,2026-03-17T16:58:02.519821+00:00,1608683,PAPER,PAPER,0.86,1.0,1.0,0.0,0.81,FILLED,,2026-03-17T16:58:00.164612+00:00
34aa80f5a019,03f151635746,2026-03-17T16:58:07.300073+00:00,1608684,PAPER,PAPER,0.86,1.0,1.0,0.0,0.83,FILLED,,2026-03-17T16:58:00.081985+00:00
1980ec1887f2,3da7a51849f4,2026-03-17T16:58:08.174680+00:00,1608681,PAPER,PAPER,0.87,1.0,0.0,1.0,0.0,CANCELLED,not_filled,2026-03-17T16:58:00.005322+00:00
25f910d9fe06,1e940f0c2eb5,2026-03-17T16:58:08.322439+00:00,1598686,PAPER,PAPER,0.964,1.0,0.0,1.0,0.0,CANCELLED,not_filled,2026-03-17T16:58:00.014237+00:00
5033e1491667,ab8c1518a083,2026-03-17T16:58:08.333956+00:00,1598877,PAPER,PAPER,0.94,1.0,0.0,1.0,0.0,CANCELLED,not_filled,2026-03-17T16:58:00.082370+00:00
14bbde040086,ebf2c7ae173d,2026-03-17T16:58:08.334616+00:00,1608687,PAPER,PAPER,0.94,1.0,0.0,1.0,0.0,CANCELLED,not_filled,2026-03-17T16:58:00.092088+00:00
30af6068ad71,d9291156d65a,2026-03-17T16:58:08.335049+00:00,1608682,PAPER,PAPER,0.9,1.0,0.0,1.0,0.0,CANCELLED,not_filled,2026-03-17T16:58:00.092437+00:00
3deb8a157c3c,8cfc05f24b5a,2026-03-17T16:58:08.335451+00:00,1598831,PAPER,PAPER,0.97,1.0,0.0,1.0,0.0,CANCELLED,not_filled,2026-03-17T16:58:00.092842+00:00
a4ccc338c758,23e7d9a7ac0f,2026-03-17T16:58:08.335808+00:00,1598761,PAPER,PAPER,0.968,1.0,0.0,1.0,0.0,CANCELLED,not_filled,2026-03-17T16:58:00.093070+00:00
05677333440f,36198d15d622,2026-03-17T16:58:08.336336+00:00,1608685,PAPER,PAPER,0.94,1.0,0.0,1.0,0.0,CANCELLED,not_filled,2026-03-17T16:58:00.136413+00:00
12b519e9e6e5,5a4da3053260,2026-03-17T16:58:20.110996+00:00,1598914,PAPER,PAPER,0.969,1.0,0.0,1.0,0.0,CANCELLED,not_filled,2026-03-17T16:58:11.880615+00:00
5cfc3d5215ab,d13d3a126ff7,2026-03-17T16:58:20.406020+00:00,1598911,PAPER,PAPER,0.969,1.0,0.0,1.0,0.0,CANCELLED,not_filled,2026-03-17T16:58:12.152123+00:00
8b81f6550108,c66193cf4ecf,2026-03-17T16:59:00.639379+00:00,1608686,PAPER,PAPER,0.82,1.0,1.0,0.0,0.77,FILLED,,2026-03-17T16:58:53.702183+00:00
e63065b2a764,9971ffbcbcb9,2026-03-17T17:04:28.356980+00:00,1608729,PAPER,PAPER,0.97,1.0,0.0,1.0,0.0,CANCELLED,not_filled,2026-03-17T17:04:20.008709+00:00
8cb940624efc,fa5b916bf3d5,2026-03-17T17:04:28.357595+00:00,1608731,PAPER,PAPER,0.97,1.0,0.0,1.0,0.0,CANCELLED,not_filled,2026-03-17T17:04:20.064784+00:00
b8f4c607fe63,235255cd830e,2026-03-17T17:04:28.357962+00:00,1608728,PAPER,PAPER,0.97,1.0,0.0,1.0,0.0,CANCELLED,not_filled,2026-03-17T17:04:20.101240+00:00
911ead0cc2dc,71018e84a952,2026-03-17T17:04:28.720058+00:00,1608721,PAPER,PAPER,0.97,1.0,0.0,1.0,0.0,CANCELLED,not_filled,2026-03-17T17:04:20.484607+00:00
e0fabb9e5c99,8d17ef1a0d9f,2026-03-17T17:04:28.720585+00:00,1608727,PAPER,PAPER,0.97,1.0,0.0,1.0,0.0,CANCELLED,not_filled,2026-03-17T17:04:20.491705+00:00
4dbda149ae18,89e2d87c1dab,2026-03-17T17:04:28.720940+00:00,1608722,PAPER,PAPER,0.97,1.0,0.0,1.0,0.0,CANCELLED,not_filled,2026-03-17T17:04:20.492539+00:00
3db20bb80ed5,ef2e64001402,2026-03-17T17:04:28.721253+00:00,1608723,PAPER,PAPER,0.97,1.0,0.0,1.0,0.0,CANCELLED,not_filled,2026-03-17T17:04:20.493163+00:00
0d95c9d6a8c8,2068572c2199,2026-03-17T17:08:08.267610+00:00,1608746,PAPER,PAPER,0.84,1.0,0.0,1.0,0.0,CANCELLED,not_filled,2026-03-17T17:08:00.003090+00:00
7da5bcfbab9d,38753df29140,2026-03-17T17:08:08.268156+00:00,1608744,PAPER,PAPER,0.9,1.0,0.0,1.0,0.0,CANCELLED,not_filled,2026-03-17T17:08:00.007902+00:00
fc727423d01a,231ff1eb9ea4,2026-03-17T17:08:08.352109+00:00,1608741,PAPER,PAPER,0.93,1.0,0.0,1.0,0.0,CANCELLED,not_filled,2026-03-17T17:08:00.018515+00:00
da77cdd37742,7321d54b4236,2026-03-17T17:08:08.352621+00:00,1608742,PAPER,PAPER,0.94,1.0,0.0,1.0,0.0,CANCELLED,not_filled,2026-03-17T17:08:00.035069+00:00
65079c509dc9,c182a486d170,2026-03-17T17:08:10.791801+00:00,1608745,PAPER,PAPER,0.94,1.0,0.0,1.0,0.0,CANCELLED,not_filled,2026-03-17T17:08:02.509779+00:00
db55788ca7e6,5ceb8c651988,2026-03-17T17:08:14.047053+00:00,1608743,PAPER,PAPER,0.82,1.0,0.0,1.0,0.0,CANCELLED,not_filled,2026-03-17T17:08:05.727386+00:00
d82a14abf96c,4ba918dd4a7f,2026-03-17T17:09:47.550575+00:00,1608740,PAPER,PAPER,0.82,1.0,0.0,1.0,0.0,CANCELLED,not_filled,2026-03-17T17:09:39.367738+00:00
bc0266e4cbfc,d5ced062fe11,2026-03-17T17:13:08.277169+00:00,1608752,PAPER,PAPER,0.85,1.0,0.0,1.0,0.0,CANCELLED,not_filled,2026-03-17T17:13:00.025508+00:00
ca6b285a0808,297ac2684b9c,2026-03-17T17:13:08.373966+00:00,1608751,PAPER,PAPER,0.95,1.0,0.0,1.0,0.0,CANCELLED,not_filled,2026-03-17T17:13:00.129000+00:00
e1e43c111d86,934d8aee65fa,2026-03-17T17:13:08.925067+00:00,1608750,PAPER,PAPER,0.94,1.0,0.0,1.0,0.0,CANCELLED,not_filled,2026-03-17T17:13:00.645380+00:00
c8656cb24905,147011b550e0,2026-03-17T17:13:09.036582+00:00,1608753,PAPER,PAPER,0.94,1.0,0.0,1.0,0.0,CANCELLED,not_filled,2026-03-17T17:13:00.838709+00:00
e484f54687bb,3e33db3d55c8,2026-03-17T17:13:09.287324+00:00,1608749,PAPER,PAPER,0.9,1.0,0.0,1.0,0.0,CANCELLED,not_filled,2026-03-17T17:13:00.993155+00:00
54a88ebdd67c,6216e9f50869,2026-03-17T17:18:08.831154+00:00,1608958,PAPER,PAPER,0.94,1.0,0.0,1.0,0.0,CANCELLED,not_filled,2026-03-17T17:18:00.603693+00:00
0b033e41d5d3,d5dc7b28d264,2026-03-17T17:18:08.831762+00:00,1608952,PAPER,PAPER,0.89,1.0,0.0,1.0,0.0,CANCELLED,not_filled,2026-03-17T17:18:00.639257+00:00
293fbf96c311,b692d15f677f,2026-03-17T17:18:09.186677+00:00,1608954,PAPER,PAPER,0.94,1.0,0.0,1.0,0.0,CANCELLED,not_filled,2026-03-17T17:18:00.965581+00:00
a508fdd0dc3f,1bf9b19996c9,2026-03-17T17:18:57.174725+00:00,1608962,PAPER,PAPER,0.82,1.0,0.0,1.0,0.0,CANCELLED,not_filled,2026-03-17T17:18:48.974719+00:00
8a0638933411,32c1036b6866,2026-03-17T17:18:58.895134+00:00,1608956,PAPER,PAPER,0.82,1.0,0.0,1.0,0.0,CANCELLED,not_filled,2026-03-17T17:18:50.691801+00:00
536b776b1aee,76f9c8dc1ba2,2026-03-17T17:19:00.179491+00:00,1608955,PAPER,PAPER,0.82,1.0,0.0,1.0,0.0,CANCELLED,not_filled,2026-03-17T17:18:52.006792+00:00
c92a67a223a1,39e1082d106b,2026-03-17T17:19:00.807531+00:00,1608957,PAPER,PAPER,0.82,1.0,0.0,1.0,0.0,CANCELLED,not_filled,2026-03-17T17:18:52.524308+00:00
0b2f82ccecef,0bff1675f332,2026-03-17T17:23:08.338916+00:00,1608968,PAPER,PAPER,0.94,1.0,0.0,1.0,0.0,CANCELLED,not_filled,2026-03-17T17:23:00.018858+00:00
d33ac90b38c3,28b96584ef08,2026-03-17T17:23:08.339467+00:00,1608966,PAPER,PAPER,0.9,1.0,0.0,1.0,0.0,CANCELLED,not_filled,2026-03-17T17:23:00.028423+00:00
b2c7ed6dfff1,4fe8f194499d,2026-03-17T17:23:08.493634+00:00,1608969,PAPER,PAPER,0.94,1.0,0.0,1.0,0.0,CANCELLED,not_filled,2026-03-17T17:23:00.103489+00:00
e178b63c2f28,1f5b381f6b86,2026-03-17T17:23:08.494168+00:00,1608972,PAPER,PAPER,0.94,1.0,0.0,1.0,0.0,CANCELLED,not_filled,2026-03-17T17:23:00.215071+00:00
1fa170967b2b,37dd87c743e3,2026-03-17T17:23:08.494567+00:00,1608967,PAPER,PAPER,0.85,1.0,0.0,1.0,0.0,CANCELLED,not_filled,2026-03-17T17:23:00.218458+00:00
11068d8c5991,6da52078a049,2026-03-17T17:23:08.593644+00:00,1608971,PAPER,PAPER,0.82,1.0,0.0,1.0,0.0,CANCELLED,not_filled,2026-03-17T17:23:00.313055+00:00
cc2d6f46be43,ff03de9b0fa8,2026-03-17T17:23:08.594545+00:00,1608970,PAPER,PAPER,0.94,1.0,0.0,1.0,0.0,CANCELLED,not_filled,2026-03-17T17:23:00.313319+00:00
253dbe91bee6,aa1275a6e2be,2026-03-17T17:23:46.260377+00:00,1608967,PAPER,PAPER,0.95,1.0,1.0,0.0,0.95,FILLED,,2026-03-17T17:23:40.881027+00:00
2e9ea2015831,c52fce45beac,2026-03-17T17:23:48.883136+00:00,1608970,PAPER,PAPER,0.88,1.0,0.0,1.0,0.0,CANCELLED,not_filled,2026-03-17T17:23:40.685389+00:00
3592d940ba9f,4cc5095fed1e,2026-03-17T17:23:49.057833+00:00,1608968,PAPER,PAPER,0.96,1.0,0.0,1.0,0.0,CANCELLED,not_filled,2026-03-17T17:23:40.879609+00:00
f812dd0b3384,395d31b7440f,2026-03-17T17:23:49.058355+00:00,1608972,PAPER,PAPER,0.94,1.0,0.0,1.0,0.0,CANCELLED,not_filled,2026-03-17T17:23:40.880053+00:00
4eda7ff21a22,6c1d29d4523e,2026-03-17T17:23:49.058685+00:00,1608969,PAPER,PAPER,0.94,1.0,0.0,1.0,0.0,CANCELLED,not_filled,2026-03-17T17:23:40.880453+00:00
a85bc9a91dc2,bdd067a6b78f,2026-03-17T17:23:49.058968+00:00,1608966,PAPER,PAPER,0.95,1.0,0.0,1.0,0.0,CANCELLED,not_filled,2026-03-17T17:23:40.880789+00:00
b06ea6f04ee9,5d9e317098f0,2026-03-17T17:24:06.839115+00:00,1608971,PAPER,PAPER,0.94,1.0,0.0,1.0,0.0,CANCELLED,not_filled,2026-03-17T17:23:58.634716+00:00
467d1da0deca,b48ab6b84b53,2026-03-17T17:28:07.884416+00:00,1609048,PAPER,PAPER,0.82,1.0,1.0,0.0,0.82,FILLED,,2026-03-17T17:28:06.369716+00:00
cacefbcb7721,6d8fe673e145,2026-03-17T17:28:08.280791+00:00,1609052,PAPER,PAPER,0.93,1.0,0.0,1.0,0.0,CANCELLED,not_filled,2026-03-17T17:28:00.040463+00:00
cfec7d52609d,1292182a229b,2026-03-17T17:28:08.309748+00:00,1609047,PAPER,PAPER,0.94,1.0,0.0,1.0,0.0,CANCELLED,not_filled,2026-03-17T17:28:00.083234+00:00
072ef320e413,36f48d7f433d,2026-03-17T17:28:08.310098+00:00,1609050,PAPER,PAPER,0.94,1.0,0.0,1.0,0.0,CANCELLED,not_filled,2026-03-17T17:28:00.083683+00:00
0749b941a2ff,f9d533b11592,2026-03-17T17:28:08.730685+00:00,1609053,PAPER,PAPER,0.94,1.0,0.0,1.0,0.0,CANCELLED,not_filled,2026-03-17T17:28:00.498784+00:00
848e311b311b,10c9852ae9b0,2026-03-17T17:28:12.172725+00:00,1609049,PAPER,PAPER,0.83,1.0,0.0,1.0,0.0,CANCELLED,not_filled,2026-03-17T17:28:04.016270+00:00
60695eddd304,ade53d9de515,2026-03-17T17:28:30.126924+00:00,1609051,PAPER,PAPER,0.82,1.0,0.0,1.0,0.0,CANCELLED,not_filled,2026-03-17T17:28:21.922298+00:00
f1379c511986,ad3ee136bd7f,2026-03-17T17:33:05.338232+00:00,1609070,PAPER,PAPER,0.82,1.0,1.0,0.0,0.82,FILLED,,2026-03-17T17:33:00.003963+00:00
1e3c0a53e46d,f22c6adb99e7,2026-03-17T17:33:08.179921+00:00,1609064,PAPER,PAPER,0.82,1.0,0.0,1.0,0.0,CANCELLED,not_filled,2026-03-17T17:33:00.003299+00:00
c0ffc55be14e,8bcbcbdc07fd,2026-03-17T17:33:08.693781+00:00,1609062,PAPER,PAPER,0.89,1.0,0.0,1.0,0.0,CANCELLED,not_filled,2026-03-17T17:33:00.456250+00:00
140f3d46ecb2,6722980d3456,2026-03-17T17:33:09.517043+00:00,1609058,PAPER,PAPER,0.82,1.0,1.0,0.0,0.8,FILLED,,2026-03-17T17:33:09.005462+00:00
23b8f246e4dd,254a073360f2,2026-03-17T17:33:25.184034+00:00,1609069,PAPER,PAPER,0.82,1.0,1.0,0.0,0.82,FILLED,,2026-03-17T17:33:23.384005+00:00
3fb913ae63c1,a5b581f2acef,2026-03-17T17:34:13.282357+00:00,1609060,PAPER,PAPER,0.82,1.0,0.0,1.0,0.0,CANCELLED,not_filled,2026-03-17T17:34:05.102170+00:00
100bc72d4ebf,cd9be5b15bd5,2026-03-17T17:34:35.289349+00:00,1609068,PAPER,PAPER,0.82,1.0,0.0,1.0,0.0,CANCELLED,not_filled,2026-03-17T17:34:27.097794+00:00
c2dc0107c773,129fc53d3b00,2026-03-17T17:38:08.215114+00:00,1609082,PAPER,PAPER,0.94,1.0,0.0,1.0,0.0,CANCELLED,not_filled,2026-03-17T17:38:00.005057+00:00
68d30e9b36c3,50cb2539a85e,2026-03-17T17:38:08.216299+00:00,1609078,PAPER,PAPER,0.91,1.0,0.0,1.0,0.0,CANCELLED,not_filled,2026-03-17T17:38:00.021506+00:00
fad1b4ba94de,c548de49fcd4,2026-03-17T17:38:08.381760+00:00,1609077,PAPER,PAPER,0.86,1.0,0.0,1.0,0.0,CANCELLED,not_filled,2026-03-17T17:38:00.072384+00:00
8051ee6a2910,a0c119e90ca0,2026-03-17T17:38:08.382481+00:00,1609080,PAPER,PAPER,0.92,1.0,0.0,1.0,0.0,CANCELLED,not_filled,2026-03-17T17:38:00.080389+00:00
843fc999b6a2,0492ecf37b5a,2026-03-17T17:38:08.976738+00:00,1609081,PAPER,PAPER,0.94,1.0,0.0,1.0,0.0,CANCELLED,not_filled,2026-03-17T17:38:00.797724+00:00
0c1406bd9dc1,27f13745e9ae,2026-03-17T17:38:09.537617+00:00,1609076,PAPER,PAPER,0.94,1.0,0.0,1.0,0.0,CANCELLED,not_filled,2026-03-17T17:38:01.354156+00:00
53f3902fcac1,d5005d96f6ec,2026-03-17T17:38:11.020015+00:00,1609079,PAPER,PAPER,0.9,1.0,0.0,1.0,0.0,CANCELLED,not_filled,2026-03-17T17:38:02.795886+00:00
3719fe4f3754,9ea7c6f482fe,2026-03-17T17:43:04.983299+00:00,1609093,PAPER,PAPER,0.82,1.0,1.0,0.0,0.77,FILLED,,2026-03-17T17:43:02.945546+00:00
d102e40d81d6,f1a2fe02dfea,2026-03-17T17:43:06.430829+00:00,1609094,PAPER,PAPER,0.86,1.0,1.0,0.0,0.85,FILLED,,2026-03-17T17:43:00.041311+00:00
687f1e15608e,0222ee2051e6,2026-03-17T17:43:06.933574+00:00,1609092,PAPER,PAPER,0.9,1.0,1.0,0.0,0.76,FILLED,,2026-03-17T17:43:00.012394+00:00
89676a9a27fb,3ea902565535,2026-03-17T17:43:08.203674+00:00,1609095,PAPER,PAPER,0.9,1.0,0.0,1.0,0.0,CANCELLED,not_filled,2026-03-17T17:43:00.011816+00:00
544c7408de37,45ce6f879b5c,2026-03-17T17:43:08.347281+00:00,1609097,PAPER,PAPER,0.94,1.0,0.0,1.0,0.0,CANCELLED,not_filled,2026-03-17T17:43:00.077797+00:00
51b89d40c5e2,28597ae84717,2026-03-17T17:43:22.373805+00:00,1609096,PAPER,PAPER,0.82,1.0,0.0,1.0,0.0,CANCELLED,not_filled,2026-03-17T17:43:14.057402+00:00
a6873277f164,a7c137db9dd0,2026-03-17T17:44:15.754520+00:00,1609098,PAPER,PAPER,0.94,1.0,0.0,1.0,0.0,CANCELLED,not_filled,2026-03-17T17:44:07.498662+00:00
18997e0e0020,f0bf6f6db58d,2026-03-17T17:48:02.248119+00:00,1609124,PAPER,PAPER,0.82,1.0,1.0,0.0,0.79,FILLED,,2026-03-17T17:48:00.182424+00:00
1113cffd3e5d,a1082195b970,2026-03-17T17:48:07.934632+00:00,1609118,PAPER,PAPER,0.9,1.0,1.0,0.0,0.45,FILLED,,2026-03-17T17:48:00.440466+00:00
88fc55bbebca,31df07926cf9,2026-03-17T17:48:08.741895+00:00,1609116,PAPER,PAPER,0.94,1.0,0.0,1.0,0.0,CANCELLED,not_filled,2026-03-17T17:48:00.417774+00:00
d65d64754e21,9c46a3f215c4,2026-03-17T17:48:08.742596+00:00,1609117,PAPER,PAPER,0.94,1.0,0.0,1.0,0.0,CANCELLED,not_filled,2026-03-17T17:48:00.436279+00:00
a7b8957d723d,1b74f6f592bf,2026-03-17T17:48:51.862567+00:00,1609120,PAPER,PAPER,0.82,1.0,0.0,1.0,0.0,CANCELLED,not_filled,2026-03-17T17:48:43.592594+00:00
b137798d532a,673f8d59f5ab,2026-03-17T17:49:09.875025+00:00,1609122,PAPER,PAPER,0.87,1.0,1.0,0.0,0.83,FILLED,,2026-03-17T17:49:09.340818+00:00
ba403bb5d2ac,6483cd0e63eb,2026-03-17T17:49:33.775798+00:00,1609114,PAPER,PAPER,0.82,1.0,1.0,0.0,0.7,FILLED,,2026-03-17T17:49:31.187688+00:00
9ea899c13776,cba9b8c8fbaa,2026-03-17T17:53:08.180451+00:00,1609132,PAPER,PAPER,0.82,1.0,1.0,0.0,0.82,FILLED,,2026-03-17T17:53:07.423508+00:00
5ccd7398b7a6,29519a835367,2026-03-17T17:53:08.277366+00:00,1609128,PAPER,PAPER,0.86,1.0,0.0,1.0,0.0,CANCELLED,not_filled,2026-03-17T17:53:00.052249+00:00
fb6439e39de6,6c811afd64b1,2026-03-17T17:53:08.278352+00:00,1609131,PAPER,PAPER,0.94,1.0,0.0,1.0,0.0,CANCELLED,not_filled,2026-03-17T17:53:00.084752+00:00
d1f0d7076988,d60ef7c4cfa2,2026-03-17T17:53:08.528967+00:00,1609127,PAPER,PAPER,0.94,1.0,0.0,1.0,0.0,CANCELLED,not_filled,2026-03-17T17:53:00.272342+00:00
c1aad4f69bea,e1e5ce3e73bd,2026-03-17T17:53:34.123365+00:00,1609129,PAPER,PAPER,0.84,1.0,1.0,0.0,0.84,FILLED,,2026-03-17T17:53:29.201617+00:00
638eb4c4932d,4f5ff694710c,2026-03-17T17:53:51.144998+00:00,1609133,PAPER,PAPER,0.94,1.0,0.0,1.0,0.0,CANCELLED,not_filled,2026-03-17T17:53:42.937641+00:00
92b4655c70f0,0c23baf0917c,2026-03-17T17:54:41.043974+00:00,1609130,PAPER,PAPER,0.86,1.0,1.0,0.0,0.85,FILLED,,2026-03-17T17:54:33.577334+00:00
6eda4d56662c,ada0dcd7af43,2026-03-17T17:59:06.602623+00:00,1609148,PAPER,PAPER,0.96,1.0,1.0,0.0,0.95,FILLED,,2026-03-17T17:59:06.092828+00:00
88d4a7668104,5e3300a224b6,2026-03-17T17:59:08.331950+00:00,1599467,PAPER,PAPER,0.99,1.0,0.0,1.0,0.0,CANCELLED,not_filled,2026-03-17T17:59:00.171914+00:00
b09b50323de9,4b2052cae7a3,2026-03-17T17:59:08.411259+00:00,1599373,PAPER,PAPER,0.988,1.0,0.0,1.0,0.0,CANCELLED,not_filled,2026-03-17T17:59:00.204895+00:00
13ca9da85172,ba8923a3979b,2026-03-17T17:59:08.484148+00:00,1599444,PAPER,PAPER,0.98,1.0,0.0,1.0,0.0,CANCELLED,not_filled,2026-03-17T17:59:00.270998+00:00
46699d0053fa,f22a2153d29b,2026-03-17T17:59:08.766828+00:00,1599412,PAPER,PAPER,0.99,1.0,0.0,1.0,0.0,CANCELLED,not_filled,2026-03-17T17:59:00.546736+00:00
0c55fa81a62e,7294317382c8,2026-03-17T17:59:12.354284+00:00,1609149,PAPER,PAPER,0.95,1.0,0.0,1.0,0.0,CANCELLED,not_filled,2026-03-17T17:59:04.126067+00:00
7aaa309267c4,e89b1a6d6d59,2026-03-17T17:59:12.521591+00:00,1609154,PAPER,PAPER,0.96,1.0,0.0,1.0,0.0,CANCELLED,not_filled,2026-03-17T17:59:04.287365+00:00
e76b868a47fc,e25991070c11,2026-03-17T17:59:34.337372+00:00,1609152,PAPER,PAPER,0.89,1.0,0.0,1.0,0.0,CANCELLED,not_filled,2026-03-17T17:59:26.182071+00:00
0f64dcff6293,7fb7c759c3b0,2026-03-17T17:59:44.933125+00:00,1609153,PAPER,PAPER,0.9,1.0,1.0,0.0,0.88,FILLED,,2026-03-17T17:59:44.402686+00:00
59042678cdd1,6234b4013efb,2026-03-17T17:59:47.020318+00:00,1599586,PAPER,PAPER,0.99,1.0,0.0,1.0,0.0,CANCELLED,not_filled,2026-03-17T17:59:38.889540+00:00
4de5a830c390,ed6a13b9f772,2026-03-17T17:59:50.719870+00:00,1599518,PAPER,PAPER,0.989,1.0,0.0,1.0,0.0,CANCELLED,not_filled,2026-03-17T17:59:42.512356+00:00
d59725c02b44,37ba952f161e,2026-03-17T17:59:58.040997+00:00,1599607,PAPER,PAPER,0.99,1.0,0.0,1.0,0.0,CANCELLED,not_filled,2026-03-17T17:59:49.843284+00:00
e0d7118919c1,0c593bac9c82,2026-03-17T18:04:03.943978+00:00,1609199,PAPER,PAPER,0.89,1.0,1.0,0.0,0.89,FILLED,,2026-03-17T18:04:02.679805+00:00
14de7af5ae04,3d65440391cf,2026-03-17T18:04:08.244191+00:00,1609197,PAPER,PAPER,0.96,1.0,0.0,1.0,0.0,CANCELLED,not_filled,2026-03-17T18:04:00.045986+00:00
7259b7b163b4,5a16ea5af379,2026-03-17T18:04:08.695345+00:00,1609190,PAPER,PAPER,0.96,1.0,0.0,1.0,0.0,CANCELLED,not_filled,2026-03-17T18:04:00.454375+00:00
c436877b847b,b3ba9477da60,2026-03-17T18:04:08.813122+00:00,1609193,PAPER,PAPER,0.96,1.0,0.0,1.0,0.0,CANCELLED,not_filled,2026-03-17T18:04:00.618602+00:00
b9eac1a82280,88c8472e739a,2026-03-17T18:04:13.222589+00:00,1609195,PAPER,PAPER,0.89,1.0,1.0,0.0,0.89,FILLED,,2026-03-17T18:04:10.149945+00:00
3de5e8a55cd9,942068998b11,2026-03-17T18:04:17.692192+00:00,1609200,PAPER,PAPER,0.89,1.0,1.0,0.0,0.82,FILLED,,2026-03-17T18:04:15.149606+00:00
1a63dba85b12,dce4b8c59c2a,2026-03-17T18:04:17.828324+00:00,1609191,PAPER,PAPER,0.89,1.0,1.0,0.0,0.88,FILLED,,2026-03-17T18:04:15.498084+00:00
bf0259788441,312aefadbd28,2026-03-17T18:24:08.292041+00:00,1609601,PAPER,PAPER,0.91,1.0,0.0,1.0,0.0,CANCELLED,not_filled,2026-03-17T18:24:00.078331+00:00
630c504a71ca,c81dcfc696f3,2026-03-17T18:24:08.856081+00:00,1609602,PAPER,PAPER,0.96,1.0,0.0,1.0,0.0,CANCELLED,not_filled,2026-03-17T18:24:00.674318+00:00
fef93c5cfdeb,2950392f3b29,2026-03-17T18:24:08.856690+00:00,1609597,PAPER,PAPER,0.96,1.0,0.0,1.0,0.0,CANCELLED,not_filled,2026-03-17T18:24:00.674662+00:00
af7fe1e62c24,8bd8764a267e,2026-03-17T18:24:08.857069+00:00,1609600,PAPER,PAPER,0.96,1.0,0.0,1.0,0.0,CANCELLED,not_filled,2026-03-17T18:24:00.675621+00:00
0b0704ac1b4e,c5ba35a66a0e,2026-03-17T18:24:14.709048+00:00,1609598,PAPER,PAPER,0.89,1.0,1.0,0.0,0.8,FILLED,,2026-03-17T18:24:09.572423+00:00
5092daa603e6,be93cafd8e98,2026-03-17T18:24:20.283562+00:00,1609596,PAPER,PAPER,0.89,1.0,1.0,0.0,0.89,FILLED,,2026-03-17T18:24:15.179272+00:00
5006533c0a1d,04b21859ba1a,2026-03-17T18:24:44.074204+00:00,1609599,PAPER,PAPER,0.91,1.0,0.0,1.0,0.0,CANCELLED,not_filled,2026-03-17T18:24:35.867417+00:00
ea9c2b0e60d2,314dd33dcbd1,2026-03-17T18:29:00.797747+00:00,1609708,PAPER,PAPER,0.96,1.0,1.0,0.0,0.83,FILLED,,2026-03-17T18:29:00.012245+00:00
52705fd02ea2,ca05d3a9490b,2026-03-17T18:29:03.149170+00:00,1609704,PAPER,PAPER,0.91,1.0,1.0,0.0,0.91,FILLED,,2026-03-17T18:29:01.122177+00:00
1602467b7a5e,fd1c26c9bc49,2026-03-17T18:29:08.236448+00:00,1609706,PAPER,PAPER,0.94,1.0,0.0,1.0,0.0,CANCELLED,not_filled,2026-03-17T18:29:00.011614+00:00
d6aebd6bc387,d7bf32dcc904,2026-03-17T18:29:15.052074+00:00,1609709,PAPER,PAPER,0.96,1.0,0.0,1.0,0.0,CANCELLED,not_filled,2026-03-17T18:29:06.750012+00:00
620017b43aee,0c07fe672993,2026-03-17T18:29:15.641605+00:00,1609703,PAPER,PAPER,0.97,1.0,0.0,1.0,0.0,CANCELLED,not_filled,2026-03-17T18:29:07.470423+00:00
1459971294c3,53091c976993,2026-03-17T18:29:25.665323+00:00,1609705,PAPER,PAPER,0.89,1.0,0.0,1.0,0.0,CANCELLED,not_filled,2026-03-17T18:29:17.450949+00:00
d1ec0ae1b292,4cf7d3753aa7,2026-03-17T18:34:08.291826+00:00,1609722,PAPER,PAPER,0.99,1.0,0.0,1.0,0.0,CANCELLED,not_filled,2026-03-17T18:34:00.040197+00:00
cb3f2b4b85a7,eddebb894a06,2026-03-17T18:34:08.292445+00:00,1609720,PAPER,PAPER,0.99,1.0,0.0,1.0,0.0,CANCELLED,not_filled,2026-03-17T18:34:00.048730+00:00
f84b1649752d,90e8262658e6,2026-03-17T18:34:08.292889+00:00,1609719,PAPER,PAPER,0.99,1.0,0.0,1.0,0.0,CANCELLED,not_filled,2026-03-17T18:34:00.085124+00:00
7607cb7b664c,860a7536a697,2026-03-17T18:34:08.552862+00:00,1609721,PAPER,PAPER,0.99,1.0,0.0,1.0,0.0,CANCELLED,not_filled,2026-03-17T18:34:00.366100+00:00
1b3ac676f054,96c21936ae9a,2026-03-17T18:34:08.809141+00:00,1609717,PAPER,PAPER,0.99,1.0,0.0,1.0,0.0,CANCELLED,not_filled,2026-03-17T18:34:00.564003+00:00
fd418363b77e,8f58329d097b,2026-03-17T18:34:08.809672+00:00,1609714,PAPER,PAPER,0.99,1.0,0.0,1.0,0.0,CANCELLED,not_filled,2026-03-17T18:34:00.570335+00:00
769bfc800d07,b2ab28b1f2cc,2026-03-17T18:34:08.810003+00:00,1609716,PAPER,PAPER,0.99,1.0,0.0,1.0,0.0,CANCELLED,not_filled,2026-03-17T18:34:00.579222+00:00
379a057cf7a3,5164d812dc7b,2026-03-17T18:44:08.154917+00:00,1609743,PAPER,PAPER,0.96,1.0,0.0,1.0,0.0,CANCELLED,not_filled,2026-03-17T18:44:00.044525+00:00
fb070fb26964,10a217a65cc7,2026-03-17T18:44:08.669294+00:00,1609740,PAPER,PAPER,0.96,1.0,0.0,1.0,0.0,CANCELLED,not_filled,2026-03-17T18:44:00.537211+00:00
f03aef032846,3c9ce6d6a7a9,2026-03-17T18:44:08.669873+00:00,1609737,PAPER,PAPER,0.99,1.0,0.0,1.0,0.0,CANCELLED,not_filled,2026-03-17T18:44:00.543539+00:00
e011fb405cce,f51461246d91,2026-03-17T18:44:16.005007+00:00,1609741,PAPER,PAPER,0.89,1.0,0.0,1.0,0.0,CANCELLED,not_filled,2026-03-17T18:44:07.903253+00:00
cf86022d8022,6b50b18f4a74,2026-03-17T18:44:16.256041+00:00,1609742,PAPER,PAPER,0.89,1.0,0.0,1.0,0.0,CANCELLED,not_filled,2026-03-17T18:44:08.110744+00:00
2fbb814474aa,3dd8edf09da6,2026-03-17T18:44:28.815646+00:00,1609739,PAPER,PAPER,0.89,1.0,1.0,0.0,0.87,FILLED,,2026-03-17T18:44:28.032650+00:00
8cd48a409792,92cac1224e61,2026-03-17T18:44:46.469235+00:00,1609738,PAPER,PAPER,0.96,1.0,1.0,0.0,0.68,FILLED,,2026-03-17T18:44:45.966396+00:00
7ccc4753a09b,e2cfd4b1d94f,2026-03-17T18:49:01.280832+00:00,1609760,PAPER,PAPER,0.96,1.0,1.0,0.0,0.95,FILLED,,2026-03-17T18:49:00.528350+00:00
dc0207a96762,4cb60ec11bb7,2026-03-17T18:49:08.124101+00:00,1609751,PAPER,PAPER,0.95,1.0,0.0,1.0,0.0,CANCELLED,not_filled,2026-03-17T18:49:00.001916+00:00
f2ce1b4cf092,e28306e1f705,2026-03-17T18:49:08.487681+00:00,1609749,PAPER,PAPER,0.99,1.0,0.0,1.0,0.0,CANCELLED,not_filled,2026-03-17T18:49:00.307110+00:00
fcd25d628dfc,338d32f4bd04,2026-03-17T18:49:08.633333+00:00,1609755,PAPER,PAPER,0.91,1.0,1.0,0.0,0.9,FILLED,,2026-03-17T18:49:07.860584+00:00
141093ec6bd9,ab62e61e250c,2026-03-17T18:49:08.746203+00:00,1609754,PAPER,PAPER,0.98,1.0,0.0,1.0,0.0,CANCELLED,not_filled,2026-03-17T18:49:00.532960+00:00
da249b0acf3a,ae7452df89db,2026-03-17T18:49:08.746729+00:00,1609759,PAPER,PAPER,0.95,1.0,0.0,1.0,0.0,CANCELLED,not_filled,2026-03-17T18:49:00.534624+00:00
2d2c11f4950b,5b82d90482fc,2026-03-17T18:49:51.012336+00:00,1609761,PAPER,PAPER,0.89,1.0,0.0,1.0,0.0,CANCELLED,not_filled,2026-03-17T18:49:42.846819+00:00
e958c990127c,e3bbf95325a3,2026-03-17T18:54:01.095436+00:00,1609768,PAPER,PAPER,0.92,1.0,1.0,0.0,0.92,FILLED,,2026-03-17T18:54:00.065429+00:00
0c036fd6bb2d,b967ba12e4a2,2026-03-17T18:54:08.189043+00:00,1609769,PAPER,PAPER,0.95,1.0,0.0,1.0,0.0,CANCELLED,not_filled,2026-03-17T18:54:00.014221+00:00
eb3df0d154d2,da61b9fc212b,2026-03-17T18:54:08.189625+00:00,1609766,PAPER,PAPER,0.93,1.0,0.0,1.0,0.0,CANCELLED,not_filled,2026-03-17T18:54:00.070926+00:00
3f6c7a9974a4,608bcc28ee27,2026-03-17T18:54:08.651353+00:00,1609765,PAPER,PAPER,0.92,1.0,0.0,1.0,0.0,CANCELLED,not_filled,2026-03-17T18:54:00.520992+00:00
7222628a7127,f0696bbde43f,2026-03-17T18:54:08.651998+00:00,1609764,PAPER,PAPER,0.92,1.0,0.0,1.0,0.0,CANCELLED,not_filled,2026-03-17T18:54:00.523065+00:00
ff69fb24c4b1,504b99e1b8e2,2026-03-17T18:54:08.652358+00:00,1609767,PAPER,PAPER,0.99,1.0,0.0,1.0,0.0,CANCELLED,not_filled,2026-03-17T18:54:00.524940+00:00
1d48e6329835,d85abbfa2a57,2026-03-17T18:54:21.195443+00:00,1609763,PAPER,PAPER,0.89,1.0,0.0,1.0,0.0,CANCELLED,not_filled,2026-03-17T18:54:13.055677+00:00
fa2de875c1f0,b4587a5fd584,2026-03-17T19:19:00.490444+00:00,1610089,LIVE,LIVE,0.93,1.0,0.0,1.0,0.0,,FAILED,execution_error,2026-03-17T19:19:00.490412+00:00
0922be5e3be7,91b9b755cc25,2026-03-17T19:19:00.762303+00:00,1610091,LIVE,LIVE,0.98,1.0,0.0,1.0,0.0,,FAILED,execution_error,2026-03-17T19:19:00.762228+00:00
6524eecb4ce1,c093d139472f,2026-03-17T19:19:00.969015+00:00,1610074,LIVE,LIVE,0.96,1.0,0.0,1.0,0.0,,FAILED,execution_error,2026-03-17T19:19:00.968990+00:00
4b54ecaf51b1,78852e3b77df,2026-03-17T19:19:01.057391+00:00,1610078,LIVE,LIVE,0.96,1.0,0.0,1.0,0.0,,FAILED,execution_error,2026-03-17T19:19:01.057365+00:00
97a897c0ece4,461a625d708a,2026-03-17T19:59:01.337935+00:00,1610185,PAPER,PAPER,0.93,1.0,1.0,0.0,0.92,0.01,FILLED,,2026-03-17T19:59:00.067083+00:00
5e50e209a589,7995a4527544,2026-03-17T19:59:02.061719+00:00,1610190,PAPER,PAPER,0.95,1.0,1.0,0.0,0.94,0.01,FILLED,,2026-03-17T19:59:00.034463+00:00
b177665434c0,acf39eb3048a,2026-03-17T19:59:05.966714+00:00,1610191,PAPER,PAPER,0.97,1.0,1.0,0.0,0.97,0.0,FILLED,,2026-03-17T19:59:00.138891+00:00
ef7f39be427a,f695c5c6af8b,2026-03-17T19:59:08.150952+00:00,1600498,PAPER,PAPER,0.989,1.0,0.0,1.0,0.0,,CANCELLED,not_filled,2026-03-17T19:59:00.023958+00:00
1f183af8c6dc,7190bcbe52ef,2026-03-17T19:59:08.260396+00:00,1610189,PAPER,PAPER,0.98,1.0,0.0,1.0,0.0,,CANCELLED,not_filled,2026-03-17T19:59:00.130750+00:00
b6814e67a8f8,dab246b3d638,2026-03-17T19:59:08.298994+00:00,1600394,PAPER,PAPER,0.99,1.0,0.0,1.0,0.0,,CANCELLED,not_filled,2026-03-17T19:59:00.151746+00:00
c032cd283fa0,b76a19608c99,2026-03-17T19:59:08.401060+00:00,1600435,PAPER,PAPER,0.99,1.0,0.0,1.0,0.0,,CANCELLED,not_filled,2026-03-17T19:59:00.265483+00:00
3fb99c3b6b32,544e457fe9eb,2026-03-17T19:59:08.519097+00:00,1600472,PAPER,PAPER,0.99,1.0,0.0,1.0,0.0,,CANCELLED,not_filled,2026-03-17T19:59:00.370607+00:00
0a68a747f8e2,4b9246da3798,2026-03-17T19:59:08.554527+00:00,1610187,PAPER,PAPER,0.96,1.0,0.0,1.0,0.0,,CANCELLED,not_filled,2026-03-17T19:59:00.434966+00:00
d24a0c341ca6,3f6729d5b33e,2026-03-17T19:59:08.651807+00:00,1610186,PAPER,PAPER,0.97,1.0,0.0,1.0,0.0,,CANCELLED,not_filled,2026-03-17T19:59:00.486490+00:00
8c9b0a9c4b33,483c49dffb23,2026-03-17T19:59:14.337228+00:00,1600494,PAPER,PAPER,0.99,1.0,1.0,0.0,0.805,0.185,FILLED,,2026-03-17T19:59:08.225478+00:00
2a47f228f988,14fd3f8b2a4b,2026-03-17T19:59:22.216596+00:00,1600501,PAPER,PAPER,0.97,1.0,0.0,1.0,0.0,,CANCELLED,not_filled,2026-03-17T19:59:14.005768+00:00
af3f5bc67867,247ee76b4463,2026-03-17T20:04:02.384348+00:00,1610235,PAPER,PAPER,0.95,1.0,1.0,0.0,0.95,0.0,FILLED,,2026-03-17T20:04:00.026551+00:00
2c919d7284bb,f23ea41b4c43,2026-03-17T20:04:09.861003+00:00,1610241,PAPER,PAPER,0.96,1.0,0.0,1.0,0.0,,CANCELLED,not_filled,2026-03-17T20:04:01.657689+00:00
6aca813aca0c,af158dda7bf1,2026-03-17T20:04:09.977781+00:00,1610243,PAPER,PAPER,0.96,1.0,0.0,1.0,0.0,,CANCELLED,not_filled,2026-03-17T20:04:01.705941+00:00
31d9555101fb,3cb71e6df384,2026-03-17T20:04:11.367134+00:00,1610233,PAPER,PAPER,0.96,1.0,0.0,1.0,0.0,,CANCELLED,not_filled,2026-03-17T20:04:03.100167+00:00
db1b2370382f,edc8cdd686f3,2026-03-17T20:04:12.958933+00:00,1610239,PAPER,PAPER,0.89,1.0,1.0,0.0,0.89,0.0,FILLED,,2026-03-17T20:04:12.190711+00:00
70cb7f8b9d2d,e7b83e3adc7f,2026-03-17T20:04:49.074134+00:00,1610232,PAPER,PAPER,0.89,1.0,0.0,1.0,0.0,,CANCELLED,not_filled,2026-03-17T20:04:40.871147+00:00
